Source;SS;DF;MS;F;p-unc;np2
groupe;176.48;5;35.296;1.535709;0.228465;0.299026
Within;413.70345;18;22.983525;;;
