Source;SS;DF;MS;F;p-unc;np2
groupe;29915308.032038;5;5983061.606408;12.744912;2.2e-05;0.779748
Within;8450047.228825;18;469447.068268;;;
