Source;SS;DF;MS;F;p-unc;np2
groupe;1830.50945;5;366.10189;11.737918;3.7e-05;0.765288
Within;561.4142;18;31.189678;;;
