Source;SS;DF;MS;F;p-unc;np2
groupe;2702.888438;5;540.577688;16.899448;3e-06;0.824386
Within;575.782025;18;31.98789;;;
