Source;SS;DF;MS;F;p-unc;np2
groupe;198.512;5;39.7024;1.195067;0.350696;0.249228
Within;597.9942;18;33.2219;;;
