Source;SS;DF;MS;F;p-unc;np2
groupe;13769891.158383;5;2753978.231677;3.625427;0.019167;0.50176
Within;13673314.8354;18;759628.601967;;;
