Source;SS;DF;MS;F;p-unc;np2
groupe;280.119488;5;56.023898;4.643496;0.006749;0.563292
Within;217.170475;18;12.065026;;;
