Source;SS;DF;MS;F;p-unc;np2
groupe;28953497.620638;5;5790699.524128;12.619778;2.3e-05;0.778049
Within;8259463.366025;18;458859.07589;;;
