Source;SS;DF;MS;F;p-unc;np2
groupe;1330.063271;5;266.012654;8.338057;0.000317;0.698443
Within;574.261825;18;31.903435;;;
