Source;SS;DF;MS;F;p-unc;np2
groupe;787.54885;5;157.50977;10.65423;7e-05;0.747443
Within;266.108;18;14.783778;;;
