Source;SS;DF;MS;F;p-unc;np2
groupe;7209200.412771;5;1441840.082554;4.481445;0.007914;0.554535
Within;5791239.951725;18;321735.552874;;;
