Source;SS;DF;MS;F;p-unc;np2
groupe;28.941033;5;5.788207;0.676301;0.646872;0.158151
Within;154.05535;18;8.558631;;;
