Source;SS;DF;MS;F;p-unc;np2
groupe;25.195433;5;5.039087;1.650928;0.197505;0.314407
Within;54.94095;18;3.052275;;;
