Source;SS;DF;MS;F;p-unc;np2
groupe;21563522.514583;5;4312704.502917;27.527667;0.0;0.884347
Within;2820023.9836;18;156667.999089;;;
