Source;SS;DF;MS;F;p-unc;np2
groupe;1792.024283;5;358.404857;31.020562;0.0;0.896016
Within;207.9681;18;11.553783;;;
