Source;SS;DF;MS;F;p-unc;np2
groupe;6199573.292033;5;1239914.658407;3.814262;0.015667;0.514449
Within;5851318.28535;18;325073.238075;;;
