Source;SS;DF;MS;F;p-unc;np2
groupe;585.841571;5;117.168314;16.744786;3e-06;0.82305
Within;125.951425;18;6.997301;;;
