Source;SS;DF;MS;F;p-unc;np2
groupe;52.063571;5;10.412714;0.672675;0.649388;0.157437
Within;278.631925;18;15.479551;;;
